MonthStart,Department,Account,Budget,Actual,Variance,VariancePct
2024-03-01,Marketing,Payroll,162743.53,183198.68,20455.15,0.1257
2024-03-01,Marketing,Software,36025.95,39995.18,3969.23,0.1102
2024-03-01,Marketing,Travel,21182.1,22827.32,1645.22,0.0777
2024-03-01,Marketing,Ads,73948.39,85148.14,11199.75,0.1515
2024-03-01,Marketing,Facilities,37814.33,43119.69,5305.36,0.1403
2024-03-01,Marketing,Contractors,44897.17,53378.01,8480.84,0.1889
2024-03-01,Marketing,Cloud,33287.55,36226.68,2939.13,0.0883
2024-03-01,Sales,Payroll,228159.3,243743.96,15584.66,0.0683
2024-03-01,Sales,Software,40841.07,42784.58,1943.51,0.0476
2024-03-01,Sales,Travel,26383.72,28162.78,1779.06,0.0674
2024-03-01,Sales,Ads,92805.55,96843.05,4037.5,0.0435
2024-03-01,Sales,Facilities,43865.24,50417.06,6551.82,0.1494
2024-03-01,Sales,Contractors,53150.0,56223.24,3073.24,0.0578
2024-03-01,Sales,Cloud,43668.0,40343.54,-3324.46,-0.0761
2024-03-01,Operations,Payroll,196720.73,202931.65,6210.92,0.0316
2024-03-01,Operations,Software,34667.98,36342.68,1674.7,0.0483
2024-03-01,Operations,Travel,22434.87,23912.74,1477.87,0.0659
2024-03-01,Operations,Ads,83422.11,90137.75,6715.64,0.0805
2024-03-01,Operations,Facilities,44581.76,47105.71,2523.95,0.0566
2024-03-01,Operations,Contractors,42599.62,44100.88,1501.26,0.0352
2024-03-01,Operations,Cloud,38762.9,37299.68,-1463.22,-0.0377
2024-03-01,R&D,Payroll,236390.02,256848.28,20458.26,0.0865
2024-03-01,R&D,Software,47377.12,48562.89,1185.77,0.025
2024-03-01,R&D,Travel,31500.48,32814.59,1314.11,0.0417
2024-03-01,R&D,Ads,116845.59,119692.97,2847.38,0.0244
2024-03-01,R&D,Facilities,52558.08,52036.91,-521.17,-0.0099
2024-03-01,R&D,Contractors,60377.42,61181.6,804.18,0.0133
2024-03-01,R&D,Cloud,50235.73,51366.5,1130.77,0.0225
2024-03-01,G&A,Payroll,126113.45,138927.36,12813.91,0.1016
2024-03-01,G&A,Software,22469.58,21987.4,-482.18,-0.0215
2024-03-01,G&A,Travel,15980.15,16575.36,595.21,0.0372
2024-03-01,G&A,Ads,53567.78,57780.29,4212.51,0.0786
2024-03-01,G&A,Facilities,26901.74,27471.63,569.89,0.0212
2024-03-01,G&A,Contractors,30179.1,33949.76,3770.66,0.1249
2024-03-01,G&A,Cloud,25220.87,25509.73,288.86,0.0115
2024-04-01,Marketing,Payroll,180059.42,204539.44,24480.02,0.136
2024-04-01,Marketing,Software,31503.75,34371.37,2867.62,0.091
2024-04-01,Marketing,Travel,20580.78,23296.81,2716.03,0.132
2024-04-01,Marketing,Ads,75221.93,84928.58,9706.65,0.129
2024-04-01,Marketing,Facilities,37198.07,43876.04,6677.97,0.1795
2024-04-01,Marketing,Contractors,43601.95,48586.62,4984.67,0.1143
2024-04-01,Marketing,Cloud,33703.73,39250.92,5547.19,0.1646
2024-04-01,Sales,Payroll,226470.42,253151.24,26680.82,0.1178
2024-04-01,Sales,Software,41316.62,44284.46,2967.84,0.0718
2024-04-01,Sales,Travel,25677.54,27612.71,1935.17,0.0754
2024-04-01,Sales,Ads,98820.24,102510.84,3690.6,0.0373
2024-04-01,Sales,Facilities,44494.45,41631.67,-2862.78,-0.0643
2024-04-01,Sales,Contractors,50384.28,52604.73,2220.45,0.0441
2024-04-01,Sales,Cloud,43246.35,48011.97,4765.62,0.1102
2024-04-01,Operations,Payroll,178285.64,197593.43,19307.79,0.1083
2024-04-01,Operations,Software,38178.54,40112.51,1933.97,0.0507
2024-04-01,Operations,Travel,23116.52,20409.79,-2706.73,-0.1171
2024-04-01,Operations,Ads,88406.33,93547.54,5141.21,0.0582
2024-04-01,Operations,Facilities,40430.89,40043.31,-387.58,-0.0096
2024-04-01,Operations,Contractors,44581.2,43602.6,-978.6,-0.022
2024-04-01,Operations,Cloud,37346.09,38227.84,881.75,0.0236
2024-04-01,R&D,Payroll,253337.94,284225.43,30887.49,0.1219
2024-04-01,R&D,Software,48086.39,50017.37,1930.98,0.0402
2024-04-01,R&D,Travel,31597.14,36497.09,4899.95,0.1551
2024-04-01,R&D,Ads,103560.79,108844.27,5283.48,0.051
2024-04-01,R&D,Facilities,54501.1,49599.16,-4901.94,-0.0899
2024-04-01,R&D,Contractors,58463.73,57850.54,-613.19,-0.0105
2024-04-01,R&D,Cloud,46856.66,45441.71,-1414.95,-0.0302
2024-04-01,G&A,Payroll,127874.17,130148.91,2274.74,0.0178
2024-04-01,G&A,Software,24083.68,23988.37,-95.31,-0.004
2024-04-01,G&A,Travel,15293.23,14336.42,-956.81,-0.0626
2024-04-01,G&A,Ads,55360.19,61508.86,6148.67,0.1111
2024-04-01,G&A,Facilities,26280.94,28403.15,2122.21,0.0808
2024-04-01,G&A,Contractors,32287.22,33605.57,1318.35,0.0408
2024-04-01,G&A,Cloud,24835.17,22893.19,-1941.98,-0.0782
2024-05-01,Marketing,Payroll,175751.05,185148.41,9397.36,0.0535
2024-05-01,Marketing,Software,32955.81,33559.4,603.59,0.0183
2024-05-01,Marketing,Travel,22327.06,24814.28,2487.22,0.1114
2024-05-01,Marketing,Ads,74440.95,74381.26,-59.69,-0.0008
2024-05-01,Marketing,Facilities,37141.0,41146.65,4005.65,0.1078
2024-05-01,Marketing,Contractors,42242.85,46601.3,4358.45,0.1032
2024-05-01,Marketing,Cloud,31330.05,38272.76,6942.71,0.2216
2024-05-01,Sales,Payroll,219241.58,215085.79,-4155.79,-0.019
2024-05-01,Sales,Software,39695.76,46315.43,6619.67,0.1668
2024-05-01,Sales,Travel,25007.75,26597.15,1589.4,0.0636
2024-05-01,Sales,Ads,87082.4,84394.03,-2688.37,-0.0309
2024-05-01,Sales,Facilities,46095.1,51242.73,5147.63,0.1117
2024-05-01,Sales,Contractors,48303.95,48490.47,186.52,0.0039
2024-05-01,Sales,Cloud,39487.75,40889.64,1401.89,0.0355
2024-05-01,Operations,Payroll,189310.58,176819.84,-12490.74,-0.066
2024-05-01,Operations,Software,35421.08,38718.72,3297.64,0.0931
2024-05-01,Operations,Travel,24391.9,25370.72,978.82,0.0401
2024-05-01,Operations,Ads,80663.26,80143.55,-519.71,-0.0064
2024-05-01,Operations,Facilities,44479.37,43474.01,-1005.36,-0.0226
2024-05-01,Operations,Contractors,42428.57,43196.29,767.72,0.0181
2024-05-01,Operations,Cloud,37080.58,37059.75,-20.83,-0.0006
2024-05-01,R&D,Payroll,268284.51,265346.99,-2937.52,-0.0109
2024-05-01,R&D,Software,49296.77,50035.72,738.95,0.015
2024-05-01,R&D,Travel,30939.82,32682.62,1742.8,0.0563
2024-05-01,R&D,Ads,105713.29,112758.82,7045.53,0.0666
2024-05-01,R&D,Facilities,52242.55,56200.34,3957.79,0.0758
2024-05-01,R&D,Contractors,59239.47,58761.87,-477.6,-0.0081
2024-05-01,R&D,Cloud,50813.47,48809.96,-2003.51,-0.0394
2024-05-01,G&A,Payroll,133340.65,122205.32,-11135.33,-0.0835
2024-05-01,G&A,Software,25096.67,24599.27,-497.4,-0.0198
2024-05-01,G&A,Travel,15831.71,16552.98,721.27,0.0456
2024-05-01,G&A,Ads,56912.0,56428.52,-483.48,-0.0085
2024-05-01,G&A,Facilities,26688.79,26764.96,76.17,0.0029
2024-05-01,G&A,Contractors,30110.87,32852.55,2741.68,0.0911
2024-05-01,G&A,Cloud,23137.11,23564.81,427.7,0.0185
2024-06-01,Marketing,Payroll,183479.59,181955.49,-1524.1,-0.0083
2024-06-01,Marketing,Software,31632.52,34393.05,2760.53,0.0873
2024-06-01,Marketing,Travel,20287.11,22750.13,2463.02,0.1214
2024-06-01,Marketing,Ads,71576.59,75356.7,3780.11,0.0528
2024-06-01,Marketing,Facilities,39850.68,44387.0,4536.32,0.1138
2024-06-01,Marketing,Contractors,44503.4,49933.05,5429.65,0.122
2024-06-01,Marketing,Cloud,33724.65,35706.94,1982.29,0.0588
2024-06-01,Sales,Payroll,201129.11,205013.07,3883.96,0.0193
2024-06-01,Sales,Software,43352.02,46334.48,2982.46,0.0688
2024-06-01,Sales,Travel,26307.12,25115.04,-1192.08,-0.0453
2024-06-01,Sales,Ads,86204.97,92905.14,6700.17,0.0777
2024-06-01,Sales,Facilities,45867.23,42284.78,-3582.45,-0.0781
2024-06-01,Sales,Contractors,51787.27,50701.53,-1085.74,-0.021
2024-06-01,Sales,Cloud,38667.86,39479.85,811.99,0.021
2024-06-01,Operations,Payroll,179478.31,191629.91,12151.6,0.0677
2024-06-01,Operations,Software,37566.03,33663.89,-3902.14,-0.1039
2024-06-01,Operations,Travel,23851.01,23625.52,-225.49,-0.0095
2024-06-01,Operations,Ads,87466.96,90781.44,3314.48,0.0379
2024-06-01,Operations,Facilities,42881.02,41572.14,-1308.88,-0.0305
2024-06-01,Operations,Contractors,44659.04,43919.7,-739.34,-0.0166
2024-06-01,Operations,Cloud,36901.94,40153.71,3251.77,0.0881
2024-06-01,R&D,Payroll,253026.47,259144.58,6118.11,0.0242
2024-06-01,R&D,Software,49349.43,48477.41,-872.02,-0.0177
2024-06-01,R&D,Travel,29915.68,32001.98,2086.3,0.0697
2024-06-01,R&D,Ads,107448.6,101663.1,-5785.5,-0.0538
2024-06-01,R&D,Facilities,56412.71,63223.3,6810.59,0.1207
2024-06-01,R&D,Contractors,56949.85,58421.2,1471.35,0.0258
2024-06-01,R&D,Cloud,47688.51,51002.5,3313.99,0.0695
2024-06-01,G&A,Payroll,132197.33,134835.13,2637.8,0.02
2024-06-01,G&A,Software,25600.2,24947.38,-652.82,-0.0255
2024-06-01,G&A,Travel,14434.05,14928.85,494.8,0.0343
2024-06-01,G&A,Ads,51694.72,52637.91,943.19,0.0182
2024-06-01,G&A,Facilities,28250.69,27867.65,-383.04,-0.0136
2024-06-01,G&A,Contractors,31883.43,33036.46,1153.03,0.0362
2024-06-01,G&A,Cloud,25493.0,24008.25,-1484.75,-0.0582
2024-07-01,Marketing,Payroll,170667.1,177932.42,7265.32,0.0426
2024-07-01,Marketing,Software,32440.32,34572.9,2132.58,0.0657
2024-07-01,Marketing,Travel,20941.82,22563.28,1621.46,0.0774
2024-07-01,Marketing,Ads,71886.37,78876.64,6990.27,0.0972
2024-07-01,Marketing,Facilities,38832.77,40935.37,2102.6,0.0541
2024-07-01,Marketing,Contractors,43068.3,46282.27,3213.97,0.0746
2024-07-01,Marketing,Cloud,34069.25,33172.5,-896.75,-0.0263
2024-07-01,Sales,Payroll,223312.96,225816.68,2503.72,0.0112
2024-07-01,Sales,Software,43113.96,43278.54,164.58,0.0038
2024-07-01,Sales,Travel,24623.6,26625.17,2001.57,0.0813
2024-07-01,Sales,Ads,98312.18,86544.43,-11767.75,-0.1197
2024-07-01,Sales,Facilities,43806.81,39754.98,-4051.83,-0.0925
2024-07-01,Sales,Contractors,52498.72,54839.07,2340.35,0.0446
2024-07-01,Sales,Cloud,40737.59,41196.23,458.64,0.0113
2024-07-01,Operations,Payroll,188530.39,179051.52,-9478.87,-0.0503
2024-07-01,Operations,Software,37361.42,35670.13,-1691.29,-0.0453
2024-07-01,Operations,Travel,24113.26,24814.74,701.48,0.0291
2024-07-01,Operations,Ads,88324.35,94699.54,6375.19,0.0722
2024-07-01,Operations,Facilities,42933.51,43540.16,606.65,0.0141
2024-07-01,Operations,Contractors,42998.08,40665.99,-2332.09,-0.0542
2024-07-01,Operations,Cloud,39259.36,38859.21,-400.15,-0.0102
2024-07-01,R&D,Payroll,241716.16,251175.74,9459.58,0.0391
2024-07-01,R&D,Software,50518.52,47585.68,-2932.84,-0.0581
2024-07-01,R&D,Travel,29448.97,30890.63,1441.66,0.049
2024-07-01,R&D,Ads,112416.18,111617.26,-798.92,-0.0071
2024-07-01,R&D,Facilities,51673.18,48220.6,-3452.58,-0.0668
2024-07-01,R&D,Contractors,65240.82,64341.38,-899.44,-0.0138
2024-07-01,R&D,Cloud,49276.14,53509.07,4232.93,0.0859
2024-07-01,G&A,Payroll,136028.41,139867.32,3838.91,0.0282
2024-07-01,G&A,Software,24534.11,25053.11,519.0,0.0212
2024-07-01,G&A,Travel,14195.79,14692.45,496.66,0.035
2024-07-01,G&A,Ads,51138.4,49272.23,-1866.17,-0.0365
2024-07-01,G&A,Facilities,25917.26,26713.84,796.58,0.0307
2024-07-01,G&A,Contractors,28666.26,27128.65,-1537.61,-0.0536
2024-07-01,G&A,Cloud,22847.6,22249.51,-598.09,-0.0262
2024-08-01,Marketing,Payroll,164035.08,166410.31,2375.23,0.0145
2024-08-01,Marketing,Software,31330.78,33663.39,2332.61,0.0745
2024-08-01,Marketing,Travel,19482.36,20045.11,562.75,0.0289
2024-08-01,Marketing,Ads,78791.99,81811.87,3019.88,0.0383
2024-08-01,Marketing,Facilities,40784.7,42258.39,1473.69,0.0361
2024-08-01,Marketing,Contractors,44939.45,44121.22,-818.23,-0.0182
2024-08-01,Marketing,Cloud,31557.03,32404.17,847.14,0.0268
2024-08-01,Sales,Payroll,219066.4,198826.92,-20239.48,-0.0924
2024-08-01,Sales,Software,42867.25,42903.88,36.63,0.0009
2024-08-01,Sales,Travel,27426.57,27829.78,403.21,0.0147
2024-08-01,Sales,Ads,86966.17,81107.32,-5858.85,-0.0674
2024-08-01,Sales,Facilities,48602.08,45777.92,-2824.16,-0.0581
2024-08-01,Sales,Contractors,52144.12,45131.46,-7012.66,-0.1345
2024-08-01,Sales,Cloud,40601.66,36678.96,-3922.7,-0.0966
2024-08-01,Operations,Payroll,191969.76,181706.23,-10263.53,-0.0535
2024-08-01,Operations,Software,35102.23,31752.8,-3349.43,-0.0954
2024-08-01,Operations,Travel,24779.3,25942.98,1163.68,0.047
2024-08-01,Operations,Ads,85788.89,79981.46,-5807.43,-0.0677
2024-08-01,Operations,Facilities,43368.92,45585.35,2216.43,0.0511
2024-08-01,Operations,Contractors,47989.96,44741.42,-3248.54,-0.0677
2024-08-01,Operations,Cloud,37024.89,33830.32,-3194.57,-0.0863
2024-08-01,R&D,Payroll,240722.44,233860.04,-6862.4,-0.0285
2024-08-01,R&D,Software,52153.25,43860.48,-8292.77,-0.159
2024-08-01,R&D,Travel,29163.26,27685.45,-1477.81,-0.0507
2024-08-01,R&D,Ads,101795.72,89176.14,-12619.58,-0.124
2024-08-01,R&D,Facilities,56158.97,56244.78,85.81,0.0015
2024-08-01,R&D,Contractors,65154.89,56307.39,-8847.5,-0.1358
2024-08-01,R&D,Cloud,52612.76,46886.31,-5726.45,-0.1088
2024-08-01,G&A,Payroll,132478.34,124727.61,-7750.73,-0.0585
2024-08-01,G&A,Software,23546.04,22957.01,-589.03,-0.025
2024-08-01,G&A,Travel,14553.56,13318.77,-1234.79,-0.0848
2024-08-01,G&A,Ads,51399.2,52409.83,1010.63,0.0197
2024-08-01,G&A,Facilities,28210.16,26898.07,-1312.09,-0.0465
2024-08-01,G&A,Contractors,30826.21,29301.86,-1524.35,-0.0494
2024-08-01,G&A,Cloud,24002.84,23180.05,-822.79,-0.0343
2024-09-01,Marketing,Payroll,182989.51,190083.44,7093.93,0.0388
2024-09-01,Marketing,Software,33827.31,35946.83,2119.52,0.0627
2024-09-01,Marketing,Travel,19839.3,18441.23,-1398.07,-0.0705
2024-09-01,Marketing,Ads,78035.18,76139.81,-1895.37,-0.0243
2024-09-01,Marketing,Facilities,34885.17,37804.7,2919.53,0.0837
2024-09-01,Marketing,Contractors,44395.01,51692.74,7297.73,0.1644
2024-09-01,Marketing,Cloud,35356.67,33402.18,-1954.49,-0.0553
2024-09-01,Sales,Payroll,225053.89,223629.63,-1424.26,-0.0063
2024-09-01,Sales,Software,41057.54,41037.8,-19.74,-0.0005
2024-09-01,Sales,Travel,24098.97,22065.84,-2033.13,-0.0844
2024-09-01,Sales,Ads,91678.25,83268.95,-8409.3,-0.0917
2024-09-01,Sales,Facilities,46524.34,43931.42,-2592.92,-0.0557
2024-09-01,Sales,Contractors,54403.78,49912.24,-4491.54,-0.0826
2024-09-01,Sales,Cloud,38339.08,33961.34,-4377.74,-0.1142
2024-09-01,Operations,Payroll,204959.33,188632.99,-16326.34,-0.0797
2024-09-01,Operations,Software,37126.85,35221.5,-1905.35,-0.0513
2024-09-01,Operations,Travel,22014.48,21759.9,-254.58,-0.0116
2024-09-01,Operations,Ads,85047.7,88507.83,3460.13,0.0407
2024-09-01,Operations,Facilities,43334.76,44643.53,1308.77,0.0302
2024-09-01,Operations,Contractors,43704.85,43442.64,-262.21,-0.006
2024-09-01,Operations,Cloud,39611.97,39280.55,-331.42,-0.0084
2024-09-01,R&D,Payroll,250072.66,252724.25,2651.59,0.0106
2024-09-01,R&D,Software,52244.42,54076.12,1831.7,0.0351
2024-09-01,R&D,Travel,31911.86,24405.97,-7505.89,-0.2352
2024-09-01,R&D,Ads,108622.9,103176.51,-5446.39,-0.0501
2024-09-01,R&D,Facilities,54183.79,51304.65,-2879.14,-0.0531
2024-09-01,R&D,Contractors,64145.92,63057.28,-1088.64,-0.017
2024-09-01,R&D,Cloud,51779.1,48158.08,-3621.02,-0.0699
2024-09-01,G&A,Payroll,122192.25,122320.7,128.45,0.0011
2024-09-01,G&A,Software,25093.89,24546.58,-547.31,-0.0218
2024-09-01,G&A,Travel,14483.87,14871.17,387.3,0.0267
2024-09-01,G&A,Ads,49794.88,48782.78,-1012.1,-0.0203
2024-09-01,G&A,Facilities,28197.28,25482.07,-2715.21,-0.0963
2024-09-01,G&A,Contractors,28314.03,25433.69,-2880.34,-0.1017
2024-09-01,G&A,Cloud,25433.65,24041.0,-1392.65,-0.0548
2024-10-01,Marketing,Payroll,168503.55,176884.36,8380.81,0.0497
2024-10-01,Marketing,Software,34124.2,38267.91,4143.71,0.1214
2024-10-01,Marketing,Travel,21941.72,21604.24,-337.48,-0.0154
2024-10-01,Marketing,Ads,81356.9,76836.93,-4519.97,-0.0556
2024-10-01,Marketing,Facilities,38132.21,38855.82,723.61,0.019
2024-10-01,Marketing,Contractors,43765.64,47823.65,4058.01,0.0927
2024-10-01,Marketing,Cloud,35721.46,36999.56,1278.1,0.0358
2024-10-01,Sales,Payroll,199832.87,188443.79,-11389.08,-0.057
2024-10-01,Sales,Software,41564.52,41596.54,32.02,0.0008
2024-10-01,Sales,Travel,26683.0,25783.5,-899.5,-0.0337
2024-10-01,Sales,Ads,88190.35,75763.03,-12427.32,-0.1409
2024-10-01,Sales,Facilities,43182.79,36861.05,-6321.74,-0.1464
2024-10-01,Sales,Contractors,49583.26,45980.41,-3602.85,-0.0727
2024-10-01,Sales,Cloud,41760.23,37883.06,-3877.17,-0.0928
2024-10-01,Operations,Payroll,196878.05,178076.04,-18802.01,-0.0955
2024-10-01,Operations,Software,39350.91,38991.76,-359.15,-0.0091
2024-10-01,Operations,Travel,23473.35,21463.65,-2009.7,-0.0856
2024-10-01,Operations,Ads,77305.98,66846.84,-10459.14,-0.1353
2024-10-01,Operations,Facilities,41962.88,42322.54,359.66,0.0086
2024-10-01,Operations,Contractors,48855.37,47540.57,-1314.8,-0.0269
2024-10-01,Operations,Cloud,36496.61,35603.75,-892.86,-0.0245
2024-10-01,R&D,Payroll,261974.85,264469.33,2494.48,0.0095
2024-10-01,R&D,Software,51510.31,50896.25,-614.06,-0.0119
2024-10-01,R&D,Travel,32333.65,31620.15,-713.5,-0.0221
2024-10-01,R&D,Ads,105038.78,92324.38,-12714.4,-0.121
2024-10-01,R&D,Facilities,52451.19,47309.2,-5141.99,-0.098
2024-10-01,R&D,Contractors,57059.38,55003.96,-2055.42,-0.036
2024-10-01,R&D,Cloud,52554.02,45552.93,-7001.09,-0.1332
2024-10-01,G&A,Payroll,120727.19,118690.95,-2036.24,-0.0169
2024-10-01,G&A,Software,22878.09,21704.73,-1173.36,-0.0513
2024-10-01,G&A,Travel,14885.48,13991.67,-893.81,-0.06
2024-10-01,G&A,Ads,55842.5,53230.11,-2612.39,-0.0468
2024-10-01,G&A,Facilities,26798.56,25222.29,-1576.27,-0.0588
2024-10-01,G&A,Contractors,29006.22,26928.36,-2077.86,-0.0716
2024-10-01,G&A,Cloud,23263.0,22557.32,-705.68,-0.0303
2024-11-01,Marketing,Payroll,183248.06,180440.66,-2807.4,-0.0153
2024-11-01,Marketing,Software,34017.18,35840.88,1823.7,0.0536
2024-11-01,Marketing,Travel,20251.25,19586.86,-664.39,-0.0328
2024-11-01,Marketing,Ads,77443.4,77415.91,-27.49,-0.0004
2024-11-01,Marketing,Facilities,40804.01,40465.78,-338.23,-0.0083
2024-11-01,Marketing,Contractors,39040.28,36869.0,-2171.28,-0.0556
2024-11-01,Marketing,Cloud,33961.44,35797.68,1836.24,0.0541
2024-11-01,Sales,Payroll,217740.99,195653.02,-22087.97,-0.1014
2024-11-01,Sales,Software,42065.76,42103.49,37.73,0.0009
2024-11-01,Sales,Travel,25790.43,25395.1,-395.33,-0.0153
2024-11-01,Sales,Ads,89403.63,93493.03,4089.4,0.0457
2024-11-01,Sales,Facilities,47950.84,42214.96,-5735.88,-0.1196
2024-11-01,Sales,Contractors,52355.27,47099.6,-5255.67,-0.1004
2024-11-01,Sales,Cloud,43296.33,38199.13,-5097.2,-0.1177
2024-11-01,Operations,Payroll,208378.34,199458.91,-8919.43,-0.0428
2024-11-01,Operations,Software,35321.57,33651.94,-1669.63,-0.0473
2024-11-01,Operations,Travel,23291.76,24320.09,1028.33,0.0441
2024-11-01,Operations,Ads,76382.91,69229.55,-7153.36,-0.0937
2024-11-01,Operations,Facilities,39682.02,38969.27,-712.75,-0.018
2024-11-01,Operations,Contractors,44240.28,45587.03,1346.75,0.0304
2024-11-01,Operations,Cloud,35742.73,41141.88,5399.15,0.1511
2024-11-01,R&D,Payroll,255402.12,250303.33,-5098.79,-0.02
2024-11-01,R&D,Software,45697.08,48418.94,2721.86,0.0596
2024-11-01,R&D,Travel,30968.32,32005.78,1037.46,0.0335
2024-11-01,R&D,Ads,101115.87,102407.24,1291.37,0.0128
2024-11-01,R&D,Facilities,51852.01,51531.03,-320.98,-0.0062
2024-11-01,R&D,Contractors,57268.14,49312.8,-7955.34,-0.1389
2024-11-01,R&D,Cloud,47529.39,46914.18,-615.21,-0.0129
2024-11-01,G&A,Payroll,118385.86,112137.34,-6248.52,-0.0528
2024-11-01,G&A,Software,25569.44,20547.88,-5021.56,-0.1964
2024-11-01,G&A,Travel,14332.83,15633.21,1300.38,0.0907
2024-11-01,G&A,Ads,57049.22,54779.24,-2269.98,-0.0398
2024-11-01,G&A,Facilities,28623.8,26934.09,-1689.71,-0.059
2024-11-01,G&A,Contractors,32129.11,30478.07,-1651.04,-0.0514
2024-11-01,G&A,Cloud,25632.12,25368.49,-263.63,-0.0103
2024-12-01,Marketing,Payroll,162847.68,182567.85,19720.17,0.1211
2024-12-01,Marketing,Software,35610.91,38495.81,2884.9,0.081
2024-12-01,Marketing,Travel,19411.14,20337.31,926.17,0.0477
2024-12-01,Marketing,Ads,72706.87,78469.11,5762.24,0.0793
2024-12-01,Marketing,Facilities,38944.88,42464.79,3519.91,0.0904
2024-12-01,Marketing,Contractors,42417.69,46492.52,4074.83,0.0961
2024-12-01,Marketing,Cloud,32219.71,33228.04,1008.33,0.0313
2024-12-01,Sales,Payroll,211740.06,213252.45,1512.39,0.0071
2024-12-01,Sales,Software,39279.39,39745.25,465.86,0.0119
2024-12-01,Sales,Travel,24834.57,24540.26,-294.31,-0.0119
2024-12-01,Sales,Ads,97356.49,103123.1,5766.61,0.0592
2024-12-01,Sales,Facilities,49224.75,47301.47,-1923.28,-0.0391
2024-12-01,Sales,Contractors,47004.97,53453.85,6448.88,0.1372
2024-12-01,Sales,Cloud,37967.17,38374.9,407.73,0.0107
2024-12-01,Operations,Payroll,208090.94,216004.92,7913.98,0.038
2024-12-01,Operations,Software,33983.61,32121.46,-1862.15,-0.0548
2024-12-01,Operations,Travel,21926.57,21824.74,-101.83,-0.0046
2024-12-01,Operations,Ads,86448.82,85324.55,-1124.27,-0.013
2024-12-01,Operations,Facilities,44701.96,45761.99,1060.03,0.0237
2024-12-01,Operations,Contractors,47842.16,43289.59,-4552.57,-0.0952
2024-12-01,Operations,Cloud,35433.64,32755.84,-2677.8,-0.0756
2024-12-01,R&D,Payroll,265771.38,258681.7,-7089.68,-0.0267
2024-12-01,R&D,Software,48110.42,50776.32,2665.9,0.0554
2024-12-01,R&D,Travel,29247.1,31333.93,2086.83,0.0714
2024-12-01,R&D,Ads,107887.2,108249.17,361.97,0.0034
2024-12-01,R&D,Facilities,52209.17,52202.68,-6.49,-0.0001
2024-12-01,R&D,Contractors,61144.68,57845.19,-3299.49,-0.054
2024-12-01,R&D,Cloud,51676.76,57612.09,5935.33,0.1149
2024-12-01,G&A,Payroll,132225.8,125289.28,-6936.52,-0.0525
2024-12-01,G&A,Software,23911.59,25201.9,1290.31,0.054
2024-12-01,G&A,Travel,14664.7,14813.77,149.07,0.0102
2024-12-01,G&A,Ads,51659.61,44672.3,-6987.31,-0.1353
2024-12-01,G&A,Facilities,26775.24,28477.45,1702.21,0.0636
2024-12-01,G&A,Contractors,30827.95,31387.84,559.89,0.0182
2024-12-01,G&A,Cloud,24028.36,23111.4,-916.96,-0.0382
2025-01-01,Marketing,Payroll,182221.96,214479.66,32257.7,0.177
2025-01-01,Marketing,Software,33993.55,38842.96,4849.41,0.1427
2025-01-01,Marketing,Travel,19620.34,24396.36,4776.02,0.2434
2025-01-01,Marketing,Ads,74976.95,83950.59,8973.64,0.1197
2025-01-01,Marketing,Facilities,36556.69,41529.58,4972.89,0.136
2025-01-01,Marketing,Contractors,42171.75,49125.99,6954.24,0.1649
2025-01-01,Marketing,Cloud,32797.4,38468.81,5671.41,0.1729
2025-01-01,Sales,Payroll,230406.88,264909.64,34502.76,0.1497
2025-01-01,Sales,Software,41746.88,40112.85,-1634.03,-0.0391
2025-01-01,Sales,Travel,23678.46,24644.14,965.68,0.0408
2025-01-01,Sales,Ads,94913.61,100086.28,5172.67,0.0545
2025-01-01,Sales,Facilities,45832.08,48710.3,2878.22,0.0628
2025-01-01,Sales,Contractors,54897.69,53642.54,-1255.15,-0.0229
2025-01-01,Sales,Cloud,38992.8,36120.17,-2872.63,-0.0737
2025-01-01,Operations,Payroll,195339.18,207049.59,11710.41,0.0599
2025-01-01,Operations,Software,38778.11,41139.4,2361.29,0.0609
2025-01-01,Operations,Travel,21365.38,21481.62,116.24,0.0054
2025-01-01,Operations,Ads,84571.99,82059.41,-2512.58,-0.0297
2025-01-01,Operations,Facilities,40812.34,38364.45,-2447.89,-0.06
2025-01-01,Operations,Contractors,47932.0,52983.98,5051.98,0.1054
2025-01-01,Operations,Cloud,35830.38,33056.58,-2773.8,-0.0774
2025-01-01,R&D,Payroll,251983.18,263259.03,11275.85,0.0447
2025-01-01,R&D,Software,45361.32,47620.29,2258.97,0.0498
2025-01-01,R&D,Travel,30424.17,30007.93,-416.24,-0.0137
2025-01-01,R&D,Ads,105956.58,114940.76,8984.18,0.0848
2025-01-01,R&D,Facilities,54718.19,54694.03,-24.16,-0.0004
2025-01-01,R&D,Contractors,61506.15,64112.35,2606.2,0.0424
2025-01-01,R&D,Cloud,49587.89,56615.77,7027.88,0.1417
2025-01-01,G&A,Payroll,126592.2,131358.44,4766.24,0.0377
2025-01-01,G&A,Software,25653.36,27383.66,1730.3,0.0674
2025-01-01,G&A,Travel,15197.67,16578.53,1380.86,0.0909
2025-01-01,G&A,Ads,56981.56,63735.08,6753.52,0.1185
2025-01-01,G&A,Facilities,28089.75,27813.12,-276.63,-0.0098
2025-01-01,G&A,Contractors,28539.52,27602.44,-937.08,-0.0328
2025-01-01,G&A,Cloud,23405.62,22849.16,-556.46,-0.0238
2025-02-01,Marketing,Payroll,176496.52,199045.25,22548.73,0.1278
2025-02-01,Marketing,Software,33356.68,38476.98,5120.3,0.1535
2025-02-01,Marketing,Travel,21923.31,23535.28,1611.97,0.0735
2025-02-01,Marketing,Ads,73402.66,79490.01,6087.35,0.0829
2025-02-01,Marketing,Facilities,34895.93,39596.71,4700.78,0.1347
2025-02-01,Marketing,Contractors,41294.92,48034.36,6739.44,0.1632
2025-02-01,Marketing,Cloud,34298.39,39017.41,4719.02,0.1376
2025-02-01,Sales,Payroll,210058.16,240625.79,30567.63,0.1455
2025-02-01,Sales,Software,43722.19,44855.96,1133.77,0.0259
2025-02-01,Sales,Travel,24874.55,24820.99,-53.56,-0.0022
2025-02-01,Sales,Ads,85900.99,94109.14,8208.15,0.0956
2025-02-01,Sales,Facilities,45806.09,49533.56,3727.47,0.0814
2025-02-01,Sales,Contractors,53241.62,50639.06,-2602.56,-0.0489
2025-02-01,Sales,Cloud,38646.69,41122.01,2475.32,0.064
2025-02-01,Operations,Payroll,200662.52,216739.52,16077.0,0.0801
2025-02-01,Operations,Software,37467.84,35888.55,-1579.29,-0.0422
2025-02-01,Operations,Travel,22128.35,23359.01,1230.66,0.0556
2025-02-01,Operations,Ads,81432.72,91586.35,10153.63,0.1247
2025-02-01,Operations,Facilities,43940.34,47171.5,3231.16,0.0735
2025-02-01,Operations,Contractors,42915.17,47669.48,4754.31,0.1108
2025-02-01,Operations,Cloud,38263.92,37335.66,-928.26,-0.0243
2025-02-01,R&D,Payroll,250641.84,284238.42,33596.58,0.134
2025-02-01,R&D,Software,45470.48,50114.26,4643.78,0.1021
2025-02-01,R&D,Travel,31922.03,32286.86,364.83,0.0114
2025-02-01,R&D,Ads,103208.42,109317.93,6109.51,0.0592
2025-02-01,R&D,Facilities,57205.34,52020.81,-5184.53,-0.0906
2025-02-01,R&D,Contractors,61363.17,61251.38,-111.79,-0.0018
2025-02-01,R&D,Cloud,49032.69,53206.48,4173.79,0.0851
2025-02-01,G&A,Payroll,118847.48,129079.37,10231.89,0.0861
2025-02-01,G&A,Software,23778.08,26591.01,2812.93,0.1183
2025-02-01,G&A,Travel,16095.12,16335.64,240.52,0.0149
2025-02-01,G&A,Ads,53333.42,62494.46,9161.04,0.1718
2025-02-01,G&A,Facilities,25420.64,27124.91,1704.27,0.067
2025-02-01,G&A,Contractors,31024.57,30876.0,-148.57,-0.0048
2025-02-01,G&A,Cloud,24098.81,27004.0,2905.19,0.1206
2025-03-01,Marketing,Payroll,176960.68,192103.67,15142.99,0.0856
2025-03-01,Marketing,Software,34719.89,39431.21,4711.32,0.1357
2025-03-01,Marketing,Travel,20975.72,26239.16,5263.44,0.2509
2025-03-01,Marketing,Ads,74805.79,80875.21,6069.42,0.0811
2025-03-01,Marketing,Facilities,39356.53,48272.87,8916.34,0.2266
2025-03-01,Marketing,Contractors,40457.58,44091.84,3634.26,0.0898
2025-03-01,Marketing,Cloud,34802.73,40595.76,5793.03,0.1665
2025-03-01,Sales,Payroll,224722.77,238744.51,14021.74,0.0624
2025-03-01,Sales,Software,39857.53,39569.92,-287.61,-0.0072
2025-03-01,Sales,Travel,25695.57,29648.8,3953.23,0.1538
2025-03-01,Sales,Ads,97532.87,102607.95,5075.08,0.052
2025-03-01,Sales,Facilities,48551.34,54142.44,5591.1,0.1152
2025-03-01,Sales,Contractors,53282.71,59080.52,5797.81,0.1088
2025-03-01,Sales,Cloud,37952.1,39325.94,1373.84,0.0362
2025-03-01,Operations,Payroll,181876.05,203713.11,21837.06,0.1201
2025-03-01,Operations,Software,33875.94,33399.78,-476.16,-0.0141
2025-03-01,Operations,Travel,24439.4,25189.07,749.67,0.0307
2025-03-01,Operations,Ads,86769.51,96081.12,9311.61,0.1073
2025-03-01,Operations,Facilities,41655.01,45793.77,4138.76,0.0994
2025-03-01,Operations,Contractors,48483.27,52962.49,4479.22,0.0924
2025-03-01,Operations,Cloud,38348.03,41125.54,2777.51,0.0724
2025-03-01,R&D,Payroll,258105.16,262930.07,4824.91,0.0187
2025-03-01,R&D,Software,46488.0,52865.41,6377.41,0.1372
2025-03-01,R&D,Travel,30216.75,33423.06,3206.31,0.1061
2025-03-01,R&D,Ads,103499.05,112751.91,9252.86,0.0894
2025-03-01,R&D,Facilities,59205.67,69370.81,10165.14,0.1717
2025-03-01,R&D,Contractors,62916.42,61957.89,-958.53,-0.0152
2025-03-01,R&D,Cloud,52103.56,54100.75,1997.19,0.0383
2025-03-01,G&A,Payroll,120922.73,118742.98,-2179.75,-0.018
2025-03-01,G&A,Software,24020.39,25116.63,1096.24,0.0456
2025-03-01,G&A,Travel,14206.62,14825.1,618.48,0.0435
2025-03-01,G&A,Ads,52467.41,57880.87,5413.46,0.1032
2025-03-01,G&A,Facilities,25461.87,26916.27,1454.4,0.0571
2025-03-01,G&A,Contractors,31810.34,31654.49,-155.85,-0.0049
2025-03-01,G&A,Cloud,23998.69,24851.88,853.19,0.0356
2025-04-01,Marketing,Payroll,188391.49,209820.47,21428.98,0.1137
2025-04-01,Marketing,Software,33157.97,33027.25,-130.72,-0.0039
2025-04-01,Marketing,Travel,20495.07,25152.54,4657.47,0.2272
2025-04-01,Marketing,Ads,75485.75,86035.0,10549.25,0.1398
2025-04-01,Marketing,Facilities,39791.01,45354.63,5563.62,0.1398
2025-04-01,Marketing,Contractors,42285.76,47923.66,5637.9,0.1333
2025-04-01,Marketing,Cloud,32479.82,36636.59,4156.77,0.128
2025-04-01,Sales,Payroll,217692.34,223652.83,5960.49,0.0274
2025-04-01,Sales,Software,43918.06,42309.03,-1609.03,-0.0366
2025-04-01,Sales,Travel,23578.02,24226.89,648.87,0.0275
2025-04-01,Sales,Ads,98041.16,106233.29,8192.13,0.0836
2025-04-01,Sales,Facilities,42865.52,44237.7,1372.18,0.032
2025-04-01,Sales,Contractors,49410.76,46052.77,-3357.99,-0.068
2025-04-01,Sales,Cloud,37888.23,39584.44,1696.21,0.0448
2025-04-01,Operations,Payroll,204442.95,199141.88,-5301.07,-0.0259
2025-04-01,Operations,Software,37413.93,38548.09,1134.16,0.0303
2025-04-01,Operations,Travel,24226.47,23660.77,-565.7,-0.0234
2025-04-01,Operations,Ads,76889.43,81847.54,4958.11,0.0645
2025-04-01,Operations,Facilities,39823.8,34186.11,-5637.69,-0.1416
2025-04-01,Operations,Contractors,49662.39,54598.64,4936.25,0.0994
2025-04-01,Operations,Cloud,34519.81,30524.44,-3995.37,-0.1157
2025-04-01,R&D,Payroll,276679.09,301665.78,24986.69,0.0903
2025-04-01,R&D,Software,46027.29,50847.43,4820.14,0.1047
2025-04-01,R&D,Travel,31341.64,29803.26,-1538.38,-0.0491
2025-04-01,R&D,Ads,113569.58,107555.83,-6013.75,-0.053
2025-04-01,R&D,Facilities,57555.82,66329.22,8773.4,0.1524
2025-04-01,R&D,Contractors,57840.77,66278.85,8438.08,0.1459
2025-04-01,R&D,Cloud,50814.53,53058.19,2243.66,0.0442
2025-04-01,G&A,Payroll,122385.2,137263.46,14878.26,0.1216
2025-04-01,G&A,Software,24513.31,25910.32,1397.01,0.057
2025-04-01,G&A,Travel,13956.89,14239.9,283.01,0.0203
2025-04-01,G&A,Ads,55348.11,61223.17,5875.06,0.1061
2025-04-01,G&A,Facilities,28435.25,32523.54,4088.29,0.1438
2025-04-01,G&A,Contractors,29514.48,31469.18,1954.7,0.0662
2025-04-01,G&A,Cloud,22106.21,20937.83,-1168.38,-0.0529
2025-05-01,Marketing,Payroll,167820.77,180504.62,12683.85,0.0756
2025-05-01,Marketing,Software,36269.84,40789.98,4520.14,0.1246
2025-05-01,Marketing,Travel,20751.83,25017.3,4265.47,0.2055
2025-05-01,Marketing,Ads,74607.56,84600.28,9992.72,0.1339
2025-05-01,Marketing,Facilities,40808.02,45808.64,5000.62,0.1225
2025-05-01,Marketing,Contractors,45220.71,49888.88,4668.17,0.1032
2025-05-01,Marketing,Cloud,34177.29,38697.43,4520.14,0.1323
2025-05-01,Sales,Payroll,221636.92,241406.63,19769.71,0.0892
2025-05-01,Sales,Software,40907.34,39753.8,-1153.54,-0.0282
2025-05-01,Sales,Travel,23519.8,22564.63,-955.17,-0.0406
2025-05-01,Sales,Ads,95798.64,98534.43,2735.79,0.0286
2025-05-01,Sales,Facilities,48293.02,50058.21,1765.19,0.0366
2025-05-01,Sales,Contractors,52886.2,55305.36,2419.16,0.0457
2025-05-01,Sales,Cloud,42254.15,42415.72,161.57,0.0038
2025-05-01,Operations,Payroll,206613.1,248670.86,42057.76,0.2036
2025-05-01,Operations,Software,37282.81,46179.96,8897.15,0.2386
2025-05-01,Operations,Travel,24230.98,24123.35,-107.63,-0.0044
2025-05-01,Operations,Ads,88883.47,89012.1,128.63,0.0014
2025-05-01,Operations,Facilities,40120.54,39290.71,-829.83,-0.0207
2025-05-01,Operations,Contractors,43016.28,39697.56,-3318.72,-0.0772
2025-05-01,Operations,Cloud,35056.94,33974.86,-1082.08,-0.0309
2025-05-01,R&D,Payroll,250278.02,245487.72,-4790.3,-0.0191
2025-05-01,R&D,Software,47947.92,47380.88,-567.04,-0.0118
2025-05-01,R&D,Travel,28679.74,33090.89,4411.15,0.1538
2025-05-01,R&D,Ads,111059.47,106375.26,-4684.21,-0.0422
2025-05-01,R&D,Facilities,51056.37,53248.51,2192.14,0.0429
2025-05-01,R&D,Contractors,56253.19,59872.15,3618.96,0.0643
2025-05-01,R&D,Cloud,52103.23,56257.04,4153.81,0.0797
2025-05-01,G&A,Payroll,123165.8,119101.41,-4064.39,-0.033
2025-05-01,G&A,Software,23101.89,24971.21,1869.32,0.0809
2025-05-01,G&A,Travel,15855.38,15931.05,75.67,0.0048
2025-05-01,G&A,Ads,53803.2,57602.65,3799.45,0.0706
2025-05-01,G&A,Facilities,29074.18,30981.09,1906.91,0.0656
2025-05-01,G&A,Contractors,32118.53,33416.82,1298.29,0.0404
2025-05-01,G&A,Cloud,23506.76,25660.41,2153.65,0.0916
2025-06-01,Marketing,Payroll,184001.38,173833.62,-10167.76,-0.0553
2025-06-01,Marketing,Software,34898.89,36692.98,1794.09,0.0514
2025-06-01,Marketing,Travel,21064.86,22075.13,1010.27,0.048
2025-06-01,Marketing,Ads,77538.9,86677.52,9138.62,0.1179
2025-06-01,Marketing,Facilities,37117.43,40862.8,3745.37,0.1009
2025-06-01,Marketing,Contractors,41934.84,42103.39,168.55,0.004
2025-06-01,Marketing,Cloud,31341.14,35507.88,4166.74,0.1329
2025-06-01,Sales,Payroll,201092.76,214225.79,13133.03,0.0653
2025-06-01,Sales,Software,40817.73,38143.1,-2674.63,-0.0655
2025-06-01,Sales,Travel,26471.17,26440.13,-31.04,-0.0012
2025-06-01,Sales,Ads,93225.08,74846.38,-18378.7,-0.1971
2025-06-01,Sales,Facilities,43619.65,42117.89,-1501.76,-0.0344
2025-06-01,Sales,Contractors,51400.77,47161.72,-4239.05,-0.0825
2025-06-01,Sales,Cloud,42968.96,43846.8,877.84,0.0204
2025-06-01,Operations,Payroll,201869.19,213990.29,12121.1,0.06
2025-06-01,Operations,Software,38422.78,35378.42,-3044.36,-0.0792
2025-06-01,Operations,Travel,24819.99,26378.32,1558.33,0.0628
2025-06-01,Operations,Ads,80098.18,81935.87,1837.69,0.0229
2025-06-01,Operations,Facilities,43452.59,43595.02,142.43,0.0033
2025-06-01,Operations,Contractors,42572.34,43301.9,729.56,0.0171
2025-06-01,Operations,Cloud,37943.49,38136.38,192.89,0.0051
2025-06-01,R&D,Payroll,272969.7,265103.18,-7866.52,-0.0288
2025-06-01,R&D,Software,47247.71,46751.83,-495.88,-0.0105
2025-06-01,R&D,Travel,32121.34,30170.06,-1951.28,-0.0607
2025-06-01,R&D,Ads,104923.73,107319.2,2395.47,0.0228
2025-06-01,R&D,Facilities,56030.82,54523.74,-1507.08,-0.0269
2025-06-01,R&D,Contractors,60215.99,62250.67,2034.68,0.0338
2025-06-01,R&D,Cloud,52039.07,49637.78,-2401.29,-0.0461
2025-06-01,G&A,Payroll,115992.09,100642.81,-15349.28,-0.1323
2025-06-01,G&A,Software,25777.66,28478.85,2701.19,0.1048
2025-06-01,G&A,Travel,14654.08,16007.65,1353.57,0.0924
2025-06-01,G&A,Ads,53298.7,55688.53,2389.83,0.0448
2025-06-01,G&A,Facilities,25938.26,24804.43,-1133.83,-0.0437
2025-06-01,G&A,Contractors,31549.16,29150.69,-2398.47,-0.076
2025-06-01,G&A,Cloud,24728.7,24882.74,154.04,0.0062
2025-07-01,Marketing,Payroll,175205.35,191809.98,16604.63,0.0948
2025-07-01,Marketing,Software,35223.72,35316.24,92.52,0.0026
2025-07-01,Marketing,Travel,20857.59,22906.55,2048.96,0.0982
2025-07-01,Marketing,Ads,79834.4,90114.63,10280.23,0.1288
2025-07-01,Marketing,Facilities,37423.36,38190.83,767.47,0.0205
2025-07-01,Marketing,Contractors,39805.26,45217.49,5412.23,0.136
2025-07-01,Marketing,Cloud,33083.68,28296.68,-4787.0,-0.1447
2025-07-01,Sales,Payroll,197880.6,176283.13,-21597.47,-0.1091
2025-07-01,Sales,Software,39304.86,35162.9,-4141.96,-0.1054
2025-07-01,Sales,Travel,26151.46,25146.76,-1004.7,-0.0384
2025-07-01,Sales,Ads,89755.1,93936.1,4181.0,0.0466
2025-07-01,Sales,Facilities,47404.48,45411.46,-1993.02,-0.042
2025-07-01,Sales,Contractors,48444.18,46006.14,-2438.04,-0.0503
2025-07-01,Sales,Cloud,42070.75,39052.2,-3018.55,-0.0717
2025-07-01,Operations,Payroll,208449.7,192679.39,-15770.31,-0.0757
2025-07-01,Operations,Software,35188.04,32438.72,-2749.32,-0.0781
2025-07-01,Operations,Travel,22792.45,22696.78,-95.67,-0.0042
2025-07-01,Operations,Ads,82019.87,77492.7,-4527.17,-0.0552
2025-07-01,Operations,Facilities,38606.97,33914.33,-4692.64,-0.1215
2025-07-01,Operations,Contractors,45820.26,44871.23,-949.03,-0.0207
2025-07-01,Operations,Cloud,35395.24,35995.2,599.96,0.017
2025-07-01,R&D,Payroll,249037.11,230279.45,-18757.66,-0.0753
2025-07-01,R&D,Software,49484.81,46302.76,-3182.05,-0.0643
2025-07-01,R&D,Travel,28139.56,26299.82,-1839.74,-0.0654
2025-07-01,R&D,Ads,109423.22,103033.01,-6390.21,-0.0584
2025-07-01,R&D,Facilities,51526.69,47915.44,-3611.25,-0.0701
2025-07-01,R&D,Contractors,56702.05,54407.47,-2294.58,-0.0405
2025-07-01,R&D,Cloud,48189.75,44772.09,-3417.66,-0.0709
2025-07-01,G&A,Payroll,128103.39,120766.94,-7336.45,-0.0573
2025-07-01,G&A,Software,24337.0,24218.72,-118.28,-0.0049
2025-07-01,G&A,Travel,14256.78,13144.93,-1111.85,-0.078
2025-07-01,G&A,Ads,53141.64,52436.43,-705.21,-0.0133
2025-07-01,G&A,Facilities,26059.61,25507.82,-551.79,-0.0212
2025-07-01,G&A,Contractors,29966.72,30486.91,520.19,0.0174
2025-07-01,G&A,Cloud,25427.28,23628.75,-1798.53,-0.0707
2025-08-01,Marketing,Payroll,178109.57,181101.86,2992.29,0.0168
2025-08-01,Marketing,Software,32897.88,34511.32,1613.44,0.049
2025-08-01,Marketing,Travel,21708.39,19901.51,-1806.88,-0.0832
2025-08-01,Marketing,Ads,72140.5,72853.25,712.75,0.0099
2025-08-01,Marketing,Facilities,36834.62,37520.38,685.76,0.0186
2025-08-01,Marketing,Contractors,40516.94,38750.4,-1766.54,-0.0436
2025-08-01,Marketing,Cloud,35823.29,35515.23,-308.06,-0.0086
2025-08-01,Sales,Payroll,226640.27,195020.76,-31619.51,-0.1395
2025-08-01,Sales,Software,42921.89,39770.77,-3151.12,-0.0734
2025-08-01,Sales,Travel,26216.9,22176.5,-4040.4,-0.1541
2025-08-01,Sales,Ads,90418.6,89353.04,-1065.56,-0.0118
2025-08-01,Sales,Facilities,47685.35,44202.0,-3483.35,-0.073
2025-08-01,Sales,Contractors,50732.4,42467.2,-8265.2,-0.1629
2025-08-01,Sales,Cloud,41948.73,41991.83,43.1,0.001
2025-08-01,Operations,Payroll,197456.46,200902.0,3445.54,0.0174
2025-08-01,Operations,Software,34726.56,34024.47,-702.09,-0.0202
2025-08-01,Operations,Travel,23028.98,20866.0,-2162.98,-0.0939
2025-08-01,Operations,Ads,80906.19,84347.06,3440.87,0.0425
2025-08-01,Operations,Facilities,42911.91,36404.78,-6507.13,-0.1516
2025-08-01,Operations,Contractors,45634.23,37602.5,-8031.73,-0.176
2025-08-01,Operations,Cloud,37498.06,36728.48,-769.58,-0.0205
2025-08-01,R&D,Payroll,269359.74,258577.19,-10782.55,-0.04
2025-08-01,R&D,Software,51781.6,47628.62,-4152.98,-0.0802
2025-08-01,R&D,Travel,31537.94,30481.77,-1056.17,-0.0335
2025-08-01,R&D,Ads,104574.92,94729.54,-9845.38,-0.0941
2025-08-01,R&D,Facilities,55362.25,52831.38,-2530.87,-0.0457
2025-08-01,R&D,Contractors,57674.93,51986.71,-5688.22,-0.0986
2025-08-01,R&D,Cloud,49234.07,44847.44,-4386.63,-0.0891
2025-08-01,G&A,Payroll,123719.65,124193.48,473.83,0.0038
2025-08-01,G&A,Software,24290.95,22232.19,-2058.76,-0.0848
2025-08-01,G&A,Travel,13903.23,13357.43,-545.8,-0.0393
2025-08-01,G&A,Ads,49733.51,44696.96,-5036.55,-0.1013
2025-08-01,G&A,Facilities,26030.91,23318.9,-2712.01,-0.1042
2025-08-01,G&A,Contractors,31839.96,27944.9,-3895.06,-0.1223
2025-08-01,G&A,Cloud,24861.65,25074.33,212.68,0.0086
2025-09-01,Marketing,Payroll,175648.11,187758.95,12110.84,0.0689
2025-09-01,Marketing,Software,34803.26,36110.08,1306.82,0.0375
2025-09-01,Marketing,Travel,19827.52,21151.07,1323.55,0.0668
2025-09-01,Marketing,Ads,80258.39,84006.37,3747.98,0.0467
2025-09-01,Marketing,Facilities,38121.34,37615.5,-505.84,-0.0133
2025-09-01,Marketing,Contractors,40504.48,41334.65,830.17,0.0205
2025-09-01,Marketing,Cloud,32625.97,35410.15,2784.18,0.0853
2025-09-01,Sales,Payroll,203943.04,195901.49,-8041.55,-0.0394
2025-09-01,Sales,Software,39175.23,37608.44,-1566.79,-0.04
2025-09-01,Sales,Travel,25497.14,23200.39,-2296.75,-0.0901
2025-09-01,Sales,Ads,91791.31,83076.82,-8714.49,-0.0949
2025-09-01,Sales,Facilities,45065.78,41129.19,-3936.59,-0.0874
2025-09-01,Sales,Contractors,53982.23,48339.76,-5642.47,-0.1045
2025-09-01,Sales,Cloud,39663.25,36509.55,-3153.7,-0.0795
2025-09-01,Operations,Payroll,180524.28,162365.59,-18158.69,-0.1006
2025-09-01,Operations,Software,34281.57,29832.96,-4448.61,-0.1298
2025-09-01,Operations,Travel,24682.22,23773.17,-909.05,-0.0368
2025-09-01,Operations,Ads,87866.73,83269.43,-4597.3,-0.0523
2025-09-01,Operations,Facilities,38515.93,35215.46,-3300.47,-0.0857
2025-09-01,Operations,Contractors,42671.47,38201.68,-4469.79,-0.1047
2025-09-01,Operations,Cloud,36340.58,35158.82,-1181.76,-0.0325
2025-09-01,R&D,Payroll,246675.86,207736.12,-38939.74,-0.1579
2025-09-01,R&D,Software,50873.88,50352.87,-521.01,-0.0102
2025-09-01,R&D,Travel,30555.02,26801.93,-3753.09,-0.1228
2025-09-01,R&D,Ads,113818.2,99032.82,-14785.38,-0.1299
2025-09-01,R&D,Facilities,56515.75,56079.64,-436.11,-0.0077
2025-09-01,R&D,Contractors,61974.11,62826.15,852.04,0.0137
2025-09-01,R&D,Cloud,46112.99,45100.84,-1012.15,-0.0219
2025-09-01,G&A,Payroll,127256.15,110121.73,-17134.42,-0.1346
2025-09-01,G&A,Software,25457.88,23977.6,-1480.28,-0.0581
2025-09-01,G&A,Travel,14129.56,12260.74,-1868.82,-0.1323
2025-09-01,G&A,Ads,58086.1,52802.16,-5283.94,-0.091
2025-09-01,G&A,Facilities,28664.67,26185.96,-2478.71,-0.0865
2025-09-01,G&A,Contractors,29259.8,29429.03,169.23,0.0058
2025-09-01,G&A,Cloud,24957.85,21570.21,-3387.64,-0.1357
2025-10-01,Marketing,Payroll,178207.13,188189.03,9981.9,0.056
2025-10-01,Marketing,Software,33622.88,30629.95,-2992.93,-0.089
2025-10-01,Marketing,Travel,21571.84,20889.72,-682.12,-0.0316
2025-10-01,Marketing,Ads,71765.1,77449.78,5684.68,0.0792
2025-10-01,Marketing,Facilities,35798.09,38756.02,2957.93,0.0826
2025-10-01,Marketing,Contractors,44818.75,44353.49,-465.26,-0.0104
2025-10-01,Marketing,Cloud,31600.6,31323.52,-277.08,-0.0088
2025-10-01,Sales,Payroll,215464.75,212021.27,-3443.48,-0.016
2025-10-01,Sales,Software,41470.81,38053.27,-3417.54,-0.0824
2025-10-01,Sales,Travel,23939.94,23901.43,-38.51,-0.0016
2025-10-01,Sales,Ads,96626.98,88509.63,-8117.35,-0.084
2025-10-01,Sales,Facilities,47770.23,45523.74,-2246.49,-0.047
2025-10-01,Sales,Contractors,55002.8,48632.19,-6370.61,-0.1158
2025-10-01,Sales,Cloud,39673.58,38633.77,-1039.81,-0.0262
2025-10-01,Operations,Payroll,181242.55,174457.48,-6785.07,-0.0374
2025-10-01,Operations,Software,38631.8,37513.2,-1118.6,-0.029
2025-10-01,Operations,Travel,24780.64,22553.52,-2227.12,-0.0899
2025-10-01,Operations,Ads,76735.72,77803.23,1067.51,0.0139
2025-10-01,Operations,Facilities,40369.84,35703.44,-4666.4,-0.1156
2025-10-01,Operations,Contractors,48991.84,42763.68,-6228.16,-0.1271
2025-10-01,Operations,Cloud,35386.67,34855.82,-530.85,-0.015
2025-10-01,R&D,Payroll,266264.7,265101.29,-1163.41,-0.0044
2025-10-01,R&D,Software,50733.24,47251.24,-3482.0,-0.0686
2025-10-01,R&D,Travel,31557.51,30155.14,-1402.37,-0.0444
2025-10-01,R&D,Ads,106625.57,113306.81,6681.24,0.0627
2025-10-01,R&D,Facilities,52235.98,50752.4,-1483.58,-0.0284
2025-10-01,R&D,Contractors,60152.46,56349.35,-3803.11,-0.0632
2025-10-01,R&D,Cloud,50844.18,44644.21,-6199.97,-0.1219
2025-10-01,G&A,Payroll,131415.11,114121.76,-17293.35,-0.1316
2025-10-01,G&A,Software,23210.48,22996.11,-214.37,-0.0092
2025-10-01,G&A,Travel,13830.04,12955.56,-874.48,-0.0632
2025-10-01,G&A,Ads,54028.41,48119.38,-5909.03,-0.1094
2025-10-01,G&A,Facilities,25106.19,25523.77,417.58,0.0166
2025-10-01,G&A,Contractors,31978.71,31858.39,-120.32,-0.0038
2025-10-01,G&A,Cloud,24805.61,24344.63,-460.98,-0.0186
2025-11-01,Marketing,Payroll,169268.93,198477.41,29208.48,0.1726
2025-11-01,Marketing,Software,35085.22,40003.06,4917.84,0.1402
2025-11-01,Marketing,Travel,22303.91,22733.26,429.35,0.0192
2025-11-01,Marketing,Ads,79178.66,85338.95,6160.29,0.0778
2025-11-01,Marketing,Facilities,35772.56,32726.35,-3046.21,-0.0852
2025-11-01,Marketing,Contractors,43587.24,45224.25,1637.01,0.0376
2025-11-01,Marketing,Cloud,34593.69,36636.37,2042.68,0.059
2025-11-01,Sales,Payroll,223249.08,224459.0,1209.92,0.0054
2025-11-01,Sales,Software,42690.42,38839.26,-3851.16,-0.0902
2025-11-01,Sales,Travel,24357.42,25043.35,685.93,0.0282
2025-11-01,Sales,Ads,93705.94,89614.32,-4091.62,-0.0437
2025-11-01,Sales,Facilities,48021.98,47171.6,-850.38,-0.0177
2025-11-01,Sales,Contractors,47070.04,41970.19,-5099.85,-0.1083
2025-11-01,Sales,Cloud,41177.61,40054.1,-1123.51,-0.0273
2025-11-01,Operations,Payroll,185168.92,181229.57,-3939.35,-0.0213
2025-11-01,Operations,Software,38282.99,36860.67,-1422.32,-0.0372
2025-11-01,Operations,Travel,24741.29,23645.57,-1095.72,-0.0443
2025-11-01,Operations,Ads,88662.22,86452.65,-2209.57,-0.0249
2025-11-01,Operations,Facilities,40949.3,42424.24,1474.94,0.036
2025-11-01,Operations,Contractors,48034.07,45672.19,-2361.88,-0.0492
2025-11-01,Operations,Cloud,37043.97,31591.6,-5452.37,-0.1472
2025-11-01,R&D,Payroll,252158.16,249081.77,-3076.39,-0.0122
2025-11-01,R&D,Software,46017.16,47608.12,1590.96,0.0346
2025-11-01,R&D,Travel,29157.37,26306.39,-2850.98,-0.0978
2025-11-01,R&D,Ads,112936.78,110939.45,-1997.33,-0.0177
2025-11-01,R&D,Facilities,50676.48,53022.49,2346.01,0.0463
2025-11-01,R&D,Contractors,57474.91,49072.93,-8401.98,-0.1462
2025-11-01,R&D,Cloud,46208.35,43582.68,-2625.67,-0.0568
2025-11-01,G&A,Payroll,122754.16,122988.99,234.83,0.0019
2025-11-01,G&A,Software,25098.41,26795.78,1697.37,0.0676
2025-11-01,G&A,Travel,14450.25,11715.53,-2734.72,-0.1893
2025-11-01,G&A,Ads,54656.98,51404.3,-3252.68,-0.0595
2025-11-01,G&A,Facilities,28061.24,28826.5,765.26,0.0273
2025-11-01,G&A,Contractors,30111.21,27848.61,-2262.6,-0.0751
2025-11-01,G&A,Cloud,24377.98,23649.18,-728.8,-0.0299
2025-12-01,Marketing,Payroll,187078.87,199248.64,12169.77,0.0651
2025-12-01,Marketing,Software,32614.74,39217.84,6603.1,0.2025
2025-12-01,Marketing,Travel,20588.3,22072.42,1484.12,0.0721
2025-12-01,Marketing,Ads,69989.81,72640.27,2650.46,0.0379
2025-12-01,Marketing,Facilities,37246.78,38899.45,1652.67,0.0444
2025-12-01,Marketing,Contractors,39546.08,41918.9,2372.82,0.06
2025-12-01,Marketing,Cloud,34697.76,36011.37,1313.61,0.0379
2025-12-01,Sales,Payroll,206224.46,206557.29,332.83,0.0016
2025-12-01,Sales,Software,39890.38,34723.98,-5166.4,-0.1295
2025-12-01,Sales,Travel,25115.65,23626.81,-1488.84,-0.0593
2025-12-01,Sales,Ads,89800.72,79753.79,-10046.93,-0.1119
2025-12-01,Sales,Facilities,48159.35,51011.56,2852.21,0.0592
2025-12-01,Sales,Contractors,49123.86,50063.4,939.54,0.0191
2025-12-01,Sales,Cloud,42363.0,42115.67,-247.33,-0.0058
2025-12-01,Operations,Payroll,199710.16,208978.32,9268.16,0.0464
2025-12-01,Operations,Software,34569.63,32619.9,-1949.73,-0.0564
2025-12-01,Operations,Travel,22354.54,20010.74,-2343.8,-0.1048
2025-12-01,Operations,Ads,88958.06,89103.82,145.76,0.0016
2025-12-01,Operations,Facilities,38797.01,40752.7,1955.69,0.0504
2025-12-01,Operations,Contractors,46480.46,45407.76,-1072.7,-0.0231
2025-12-01,Operations,Cloud,37573.07,38885.13,1312.06,0.0349
2025-12-01,R&D,Payroll,266487.41,266885.17,397.76,0.0015
2025-12-01,R&D,Software,44907.86,45430.95,523.09,0.0116
2025-12-01,R&D,Travel,28134.32,30305.11,2170.79,0.0772
2025-12-01,R&D,Ads,102473.48,94817.77,-7655.71,-0.0747
2025-12-01,R&D,Facilities,57867.77,53870.8,-3996.97,-0.0691
2025-12-01,R&D,Contractors,56136.26,56975.61,839.35,0.015
2025-12-01,R&D,Cloud,45785.24,47502.33,1717.09,0.0375
2025-12-01,G&A,Payroll,120692.11,110927.42,-9764.69,-0.0809
2025-12-01,G&A,Software,22337.66,21933.65,-404.01,-0.0181
2025-12-01,G&A,Travel,16097.5,17201.49,1103.99,0.0686
2025-12-01,G&A,Ads,50123.35,48950.75,-1172.6,-0.0234
2025-12-01,G&A,Facilities,28818.29,28407.48,-410.81,-0.0143
2025-12-01,G&A,Contractors,27790.99,31141.69,3350.7,0.1206
2025-12-01,G&A,Cloud,23649.59,23529.47,-120.12,-0.0051
2026-01-01,Marketing,Payroll,187827.98,196640.55,8812.57,0.0469
2026-01-01,Marketing,Software,34910.31,40964.43,6054.12,0.1734
2026-01-01,Marketing,Travel,22318.3,23977.89,1659.59,0.0744
2026-01-01,Marketing,Ads,79092.94,82592.45,3499.51,0.0442
2026-01-01,Marketing,Facilities,36253.17,41849.74,5596.57,0.1544
2026-01-01,Marketing,Contractors,43192.17,50618.59,7426.42,0.1719
2026-01-01,Marketing,Cloud,35180.38,40481.05,5300.67,0.1507
2026-01-01,Sales,Payroll,220807.72,231876.94,11069.22,0.0501
2026-01-01,Sales,Software,40341.77,44085.67,3743.9,0.0928
2026-01-01,Sales,Travel,25688.44,25955.51,267.07,0.0104
2026-01-01,Sales,Ads,90061.13,102012.8,11951.67,0.1327
2026-01-01,Sales,Facilities,45771.46,47967.74,2196.28,0.048
2026-01-01,Sales,Contractors,50164.44,52305.79,2141.35,0.0427
2026-01-01,Sales,Cloud,39796.03,37386.35,-2409.68,-0.0606
2026-01-01,Operations,Payroll,199285.97,203588.58,4302.61,0.0216
2026-01-01,Operations,Software,35441.13,32555.1,-2886.03,-0.0814
2026-01-01,Operations,Travel,24263.1,22727.39,-1535.71,-0.0633
2026-01-01,Operations,Ads,80963.04,82619.18,1656.14,0.0205
2026-01-01,Operations,Facilities,42138.29,45843.82,3705.53,0.0879
2026-01-01,Operations,Contractors,48609.36,51649.89,3040.53,0.0626
2026-01-01,Operations,Cloud,36986.26,36958.49,-27.77,-0.0008
2026-01-01,R&D,Payroll,270360.77,276196.12,5835.35,0.0216
2026-01-01,R&D,Software,46774.79,53379.59,6604.8,0.1412
2026-01-01,R&D,Travel,28235.04,27849.37,-385.67,-0.0137
2026-01-01,R&D,Ads,101199.11,102032.35,833.24,0.0082
2026-01-01,R&D,Facilities,52336.77,57463.47,5126.7,0.098
2026-01-01,R&D,Contractors,59751.32,54907.36,-4843.96,-0.0811
2026-01-01,R&D,Cloud,46836.62,49591.21,2754.59,0.0588
2026-01-01,G&A,Payroll,133412.48,143990.02,10577.54,0.0793
2026-01-01,G&A,Software,23431.46,25589.81,2158.35,0.0921
2026-01-01,G&A,Travel,14842.13,14309.74,-532.39,-0.0359
2026-01-01,G&A,Ads,55872.79,55715.17,-157.62,-0.0028
2026-01-01,G&A,Facilities,27565.37,29081.84,1516.47,0.055
2026-01-01,G&A,Contractors,28216.3,30420.99,2204.69,0.0781
2026-01-01,G&A,Cloud,24570.69,26597.41,2026.72,0.0825
2026-02-01,Marketing,Payroll,172738.23,179290.53,6552.3,0.0379
2026-02-01,Marketing,Software,35327.95,37529.06,2201.11,0.0623
2026-02-01,Marketing,Travel,19940.56,22542.24,2601.68,0.1305
2026-02-01,Marketing,Ads,73966.84,87188.54,13221.7,0.1788
2026-02-01,Marketing,Facilities,40634.04,47273.04,6639.0,0.1634
2026-02-01,Marketing,Contractors,40021.26,45393.95,5372.69,0.1342
2026-02-01,Marketing,Cloud,35745.87,46189.89,10444.02,0.2922
2026-02-01,Sales,Payroll,221656.91,235472.87,13815.96,0.0623
2026-02-01,Sales,Software,43601.81,49505.22,5903.41,0.1354
2026-02-01,Sales,Travel,24608.03,25003.18,395.15,0.0161
2026-02-01,Sales,Ads,95273.28,104311.79,9038.51,0.0949
2026-02-01,Sales,Facilities,45345.46,43982.64,-1362.82,-0.0301
2026-02-01,Sales,Contractors,54559.03,54584.38,25.35,0.0005
2026-02-01,Sales,Cloud,39506.09,36687.77,-2818.32,-0.0713
2026-02-01,Operations,Payroll,179199.11,185700.85,6501.74,0.0363
2026-02-01,Operations,Software,35824.2,39741.46,3917.26,0.1093
2026-02-01,Operations,Travel,23049.04,24353.47,1304.43,0.0566
2026-02-01,Operations,Ads,88292.26,100119.37,11827.11,0.134
2026-02-01,Operations,Facilities,44332.6,47800.75,3468.15,0.0782
2026-02-01,Operations,Contractors,48177.77,51089.08,2911.31,0.0604
2026-02-01,Operations,Cloud,33967.22,32778.82,-1188.4,-0.035
2026-02-01,R&D,Payroll,240201.19,231260.69,-8940.5,-0.0372
2026-02-01,R&D,Software,51705.29,56263.3,4558.01,0.0882
2026-02-01,R&D,Travel,28616.92,29300.81,683.89,0.0239
2026-02-01,R&D,Ads,116214.36,139465.82,23251.46,0.2001
2026-02-01,R&D,Facilities,53277.25,57446.89,4169.64,0.0783
2026-02-01,R&D,Contractors,58445.92,59440.11,994.19,0.017
2026-02-01,R&D,Cloud,52063.35,49650.56,-2412.79,-0.0463
2026-02-01,G&A,Payroll,122997.93,128412.87,5414.94,0.044
2026-02-01,G&A,Software,23406.5,23794.43,387.93,0.0166
2026-02-01,G&A,Travel,14667.89,17033.03,2365.14,0.1612
2026-02-01,G&A,Ads,56223.2,59390.09,3166.89,0.0563
2026-02-01,G&A,Facilities,25484.63,26446.21,961.58,0.0377
2026-02-01,G&A,Contractors,30158.77,31589.33,1430.56,0.0474
2026-02-01,G&A,Cloud,25577.23,27255.02,1677.79,0.0656
